{
  "project_info": {
    "project_number": "91669926427",
    "project_id": "guia10-crud",
    "storage_bucket": "guia10-crud.appspot.com"
  },
  "client": [
    {
      "client_info": {
        "mobilesdk_app_id": "1:91669926427:android:176d66988c3d8c3b64debe",
        "android_client_info": {
          "package_name": "com.example.aplicacion_final_maria"
        }
      },
      "oauth_client": [
        {
          "client_id": "91669926427-2ibocsf601ol9qn6uiuop6feq9gc4aje.apps.googleusercontent.com",
          "client_type": 1,
          "android_info": {
            "package_name": "com.example.aplicacion_final_maria",
            "certificate_hash": "3854ce16bda1f37e67cf14c51f75091e5d84827f"
          }
        },
        {
          "client_id": "91669926427-6jsru16u2d8jpp852r0trcmf2nk0pcbj.apps.googleusercontent.com",
          "client_type": 3
        }
      ],
      "api_key": [
        {
          "current_key": "AIzaSyAVeSsgfpliHmSEpbJF8xouUowKidzQCD8"
        }
      ],
      "services": {
        "appinvite_service": {
          "other_platform_oauth_client": [
            {
              "client_id": "91669926427-6jsru16u2d8jpp852r0trcmf2nk0pcbj.apps.googleusercontent.com",
              "client_type": 3
            }
          ]
        }
      }
    },
    {
      "client_info": {
        "mobilesdk_app_id": "1:91669926427:android:5a3999b81dcdd15064debe",
        "android_client_info": {
          "package_name": "com.example.guia10_crud"
        }
      },
      "oauth_client": [
        {
          "client_id": "91669926427-piv2brhv5h44mbiealp361tk2qk9o0p3.apps.googleusercontent.com",
          "client_type": 1,
          "android_info": {
            "package_name": "com.example.guia10_crud",
            "certificate_hash": "50aa79e98523c3778ac9b9964cd2ca37fa9b0e1e"
          }
        },
        {
          "client_id": "91669926427-6jsru16u2d8jpp852r0trcmf2nk0pcbj.apps.googleusercontent.com",
          "client_type": 3
        }
      ],
      "api_key": [
        {
          "current_key": "AIzaSyAVeSsgfpliHmSEpbJF8xouUowKidzQCD8"
        }
      ],
      "services": {
        "appinvite_service": {
          "other_platform_oauth_client": [
            {
              "client_id": "91669926427-6jsru16u2d8jpp852r0trcmf2nk0pcbj.apps.googleusercontent.com",
              "client_type": 3
            }
          ]
        }
      }
    }
  ],
  "configuration_version": "1"
}